[
{
    "model": "sites.site",
    "pk": 1,
    "fields": {
        "domain": "example.com",
        "name": "example.com"
    }
},
{
    "model": "sites.site",
    "pk": 2,
    "fields": {
        "domain": "example_two.com",
        "name": "example_two.com"
    }
},
{
    "model": "core.catalog",
    "pk": 1,
    "fields": {
        "name": "Main Catalog",
        "site": 1
    }
},
{
    "model": "core.product",
    "pk": 1,
    "fields": {
        "created": "2020-06-30T00:48:03.710Z",
        "updated": "2020-06-30T00:48:03.710Z",
        "sku": null,
        "uuid": "188e45aa-0fdf-4877-ba84-f4c39c0fc41b",
        "name": "Mouse T-Shirt",
        "site": 1,
        "slug": "mouse-t-shirt",
        "available": false,
        "description": "Powerful T-Shirt",
        "meta": { "msrp": { "default": "usd", "usd": 9.99 }},
        "classification": [],
        "offers": [
            1
        ],
        "receipts": []
    }
},
{
    "model": "core.product",
    "pk": 2,
    "fields": {
        "created": "2020-06-30T02:32:37.655Z",
        "updated": "2020-06-30T02:33:10.492Z",
        "sku": null,
        "uuid": "3faee1ef-1611-44d3-8e96-e98535fa00e8",
        "name": "Wheel of Cheddar",
        "site": 1,
        "slug": "wheel-of-cheddar",
        "available": false,
        "description": "This is a food item",
        "meta": {"msrp": {"default": "usd", "usd": 75.00, "jpy": 75.00}},
        "classification": [],
        "offers": [
            2
        ],
        "receipts": [1, 2]
    }
},
{
    "model": "core.product",
    "pk": 3,
    "fields": {
        "created": "2020-06-30T02:33:35.109Z",
        "updated": "2020-06-30T02:33:35.109Z",
        "sku": null,
        "uuid": "def0d4f5-fd8f-4aa4-b25a-c043a846a732",
        "name": "Hamster Wheel",
        "site": 1,
        "slug": "hamster-wheel",
        "available": false,
        "description": "",
        "meta": {"msrp": {"default": "usd", "usd": 25.00 }},
        "classification": [],
        "offers": [
            3
        ],
        "receipts": []
    }
},
{
    "model": "core.product",
    "pk": 4,
    "fields": {
        "created": "2020-06-30T02:33:35.109Z",
        "updated": "2020-06-30T02:33:35.109Z",
        "sku": null,
        "uuid": "defdd4f5-fd8f-4aa4-b25a-c043a846a734",
        "name": "Hulk Mug",
        "site": 1,
        "slug": "hulk-mug",
        "available": false,
        "description": "",
        "meta": {"msrp": {"default": "mxn", "usd": 25.2, "mxn": 21.12}},
        "classification": [],
        "offers": [
            4,
            5
        ],
        "receipts": []
    }
},
{
    "model": "core.product",
    "pk": 5,
    "fields": {
        "created": "2020-06-30T02:33:35.109Z",
        "updated": "2020-06-30T02:33:35.109Z",
        "sku": null,
        "uuid": "defdd4f5-fd8f-4aa4-b25a-c043a846a714",
        "name": "Vendor License",
        "site": 1,
        "slug": "vendor-license",
        "available": false,
        "description": "",
        "meta": {"msrp": {"default": "usd", "usd": 0}},
        "classification": [],
        "offers": [
            6,
            7,
            8
        ],
        "receipts": []
    }
},
{
    "model": "vendor.invoice",
    "pk": 1,
    "fields": {
        "created": "2020-06-30T01:20:01.616Z",
        "updated": "2020-08-12T19:32:32.910Z",
        "uuid": "954b55b1-bad2-40c8-97ae-06e0b006c4fc",
        "profile": 1,
        "site": 1,
        "status": 0,
        "customer_notes": "",
        "vendor_notes": {
            "promos": {
                "helloworld": true,
                "goodbyeworld": false
            }
        },
        "ordered_date": null,
        "subtotal": 345.18,
        "tax": 0,
        "shipping": 0,
        "total": 332.18,
        "currency": "usd",
        "shipping_address": null,
        "deleted": false
    }
},
{
    "model": "vendor.orderitem",
    "pk": 2,
    "fields": {
        "created": "2020-06-30T02:38:46.707Z",
        "updated": "2020-08-12T19:32:32.901Z",
        "invoice": 1,
        "offer": 2,
        "quantity": 4
    }
},
{
    "model": "vendor.orderitem",
    "pk": 3,
    "fields": {
        "created": "2020-06-30T03:01:12.555Z",
        "updated": "2020-07-02T01:14:47.468Z",
        "invoice": 1,
        "offer": 3,
        "quantity": 1
    }
},
{
    "model": "vendor.orderitem",
    "pk": 4,
    "fields": {
        "created": "2020-06-30T03:01:12.555Z",
        "updated": "2020-07-02T01:14:47.468Z",
        "invoice": 1,
        "offer": 4,
        "quantity": 1
    }
},
{
    "model": "vendor.orderitem",
    "pk": 5,
    "fields": {
        "created": "2020-07-01T05:32:28.668Z",
        "updated": "2020-08-12T19:32:27.435Z",
        "invoice": 1,
        "offer": 1,
        "quantity": 2
    }
},
{
    "model": "vendor.customerprofile",
    "pk": 1,
    "fields": {
        "created": "2020-06-30T01:15:00.350Z",
        "updated": "2020-06-30T01:15:00.350Z",
        "user": 1,
        "currency": "mxn",
        "site": 1
    }
},
{
    "model": "vendor.customerprofile",
    "pk": 2,
    "fields": {
        "created": "2020-06-30T01:15:00.350Z",
        "updated": "2020-06-30T01:15:00.350Z",
        "user": 2,
        "currency": "mxn",
        "site": 2
    }
},
{
    "model": "vendor.address",
    "pk": 1,
    "fields": {
        "name": "Home",
        "profile": 1,
        "address_1": "221B Baker Street",
        "address_2": "",
        "locality": "Marylebone",
        "state": "California",
        "country": 581,
        "postal_code": "90292"
    }
},
{
    "model": "vendor.offer",
    "pk": 1,
    "fields": {
        "created": "2020-06-30T00:54:47.106Z",
        "updated": "2020-06-30T00:55:25.997Z",
        "uuid": "cbb49050-c7df-465f-91d1-261c0afa6c0f",
        "slug": "mouse-t-shirt",
        "site": 1,
        "name": "Mouse T-Shirt",
        "start_date": "2020-06-30T00:53:23Z",
        "end_date": null,
        "terms": 200,
        "term_details": {},
        "term_start_date": "2020-06-30T00:53:31Z",
        "available": true,
        "bundle": false,
        "offer_description": "",
        "deleted": false
    }
},
{
    "model": "vendor.offer",
    "pk": 2,
    "fields": {
        "created": "2020-06-30T02:34:41.313Z",
        "updated": "2020-06-30T02:37:42.780Z",
        "uuid": "ac7b320b-dc14-4638-980d-ce635294b722",
        "slug": "wheel-of-wensleydale",
        "site": 1,
        "name": "Wheel of Wensleydale",
        "start_date": "2020-06-30T02:34:32Z",
        "end_date": null,
        "terms": 200,
        "term_details": {},
        "term_start_date": null,
        "available": true,
        "bundle": false,
        "offer_description": "",
        "deleted": false
    }
},
{
    "model": "vendor.offer",
    "pk": 3,
    "fields": {
        "created": "2020-06-30T02:38:17.762Z",
        "updated": "2020-06-30T02:38:35.045Z",
        "uuid": "ceda0d8a-0ddf-440b-8804-eddc2800499b",
        "slug": "hamster-wheel",
        "site": 1,
        "name": "Hamster Wheel",
        "start_date": "2020-06-30T02:38:16Z",
        "end_date": null,
        "terms": 200,
        "term_details": {},
        "term_start_date": null,
        "available": true,
        "bundle": false,
        "offer_description": "",
        "deleted": false
    }
},
{
    "model": "vendor.offer",
    "pk": 4,
    "fields": {
        "created": "2020-06-30T02:38:17.762Z",
        "updated": "2020-06-30T02:38:35.045Z",
        "uuid": "ceda0d8a-0ddf-440b-8804-eddc2800493b",
        "slug": "hulk-mug",
        "site": 1,
        "name": "Hulk Mug Subscription",
        "start_date": "2020-06-30T02:38:16Z",
        "end_date": null,
        "terms": 100,
        "term_details": {
            "period_length": 1,
            "payment_occurrences": 12,
            "term_units": 20,
            "trial_occurrences": 1,
            "trial_amount": 25.1
        },
        "term_start_date": null,
        "available": true,
        "bundle": false,
        "offer_description": "Best deal on a Hulk Mug",
        "deleted": false
    }
},
{
    "model": "vendor.offer",
    "pk": 5,
    "fields": {
        "created": "2020-06-30T02:38:17.762Z",
        "updated": "2020-06-30T02:38:35.045Z",
        "uuid": "ccda0d8a-0ddf-440b-8804-eddc2800493b",
        "slug": "free-hulk-mug",
        "site": 1,
        "name": "Free Hulk Mug Subscription",
        "start_date": "2020-06-30T02:38:16Z",
        "end_date": null,
        "terms": 100,
        "term_details": {
            "period_length": 1,
            "payment_occurrences": 3,
            "term_units": 20,
            "trial_occurrences": 1,
            "trial_amount": 25.2
        },
        "term_start_date": null,
        "available": true,
        "bundle": false,
        "offer_description": "Free Hulk Mug",
        "deleted": false
    }
},
{
    "model": "vendor.offer",
    "pk": 6,
    "fields": {
        "created": "2020-06-30T02:38:17.762Z",
        "updated": "2020-06-30T02:38:35.045Z",
        "uuid": "ccda0d8a-0ddf-440b-8804-eddc2100493b",
        "slug": "month-license",
        "site": 1,
        "name": "Monthly License",
        "start_date": "2020-06-30T02:38:16Z",
        "end_date": null,
        "terms": 101,
        "term_details": {
            "period_length": 1,
            "payment_occurrences": 12,
            "term_units": 20,
            "trial_occurrences": 0,
            "trial_amount": 0
        },
        "term_start_date": null,
        "available": true,
        "bundle": false,
        "offer_description": "Base Monthly Subscription",
        "deleted": false
    }
},
{
    "model": "vendor.offer",
    "pk": 7,
    "fields": {
        "created": "2020-06-30T02:38:17.762Z",
        "updated": "2020-06-30T02:38:35.045Z",
        "uuid": "ccda0d8a-0ddf-440b-8804-eddc4800493b",
        "slug": "month-license-free-month",
        "site": 1,
        "name": "Monthly License Free Month",
        "start_date": "2020-06-30T02:38:16Z",
        "end_date": null,
        "terms": 101,
        "term_details": {
            "period_length": 1,
            "payment_occurrences": 12,
            "term_units": 20,
            "trial_occurrences": 1,
            "trial_amount": 0
        },
        "term_start_date": null,
        "available": true,
        "bundle": false,
        "offer_description": "Base Monthly Subscription Free Month",
        "deleted": false
    }
},
{
    "model": "vendor.offer",
    "pk": 8,
    "fields": {
        "created": "2020-06-30T02:38:17.762Z",
        "updated": "2020-06-30T02:38:35.045Z",
        "uuid": "ccda0d8a-0ddf-440b-8804-eddc4800493c",
        "slug": "free-license",
        "site": 1,
        "name": "Free License",
        "start_date": "2020-06-30T02:38:16Z",
        "end_date": null,
        "terms": 200,
        "term_details": {
            "period_length": 1,
            "payment_occurrences": 12,
            "term_units": 20,
            "trial_occurrences": 0,
            "trial_amount": 0
        },
        "term_start_date": null,
        "available": true,
        "bundle": false,
        "offer_description": "Base Monthly Subscription Free Month",
        "deleted": false
    }
},
{
    "model": "vendor.payment",
    "pk": 1,
    "fields": {
        "invoice": 1,
        "uuid": "ccda0d8a-0ddf-440b-8804-eddc2801493b",
        "created": "2020-06-30T01:20:01.616Z",
        "transaction": "1-1-1",
        "provider": "AuthorizeNetProcessor",
        "amount": 408.43,
        "profile": 1,
        "billing_address": 1,
        "result": {"msg": "Payment Complete", "trans_id": 40053987215, "response_code": 1, "code": 1, "message": "This transaction has been approved.", "responseCode": 1, "authCode": "A3YXNW", "avsResultCode": "Y", "cvvResultCode": "P", "cavvResultCode": 2, "transId": 40053987215, "refTransID": "1234567890", "transHash": "", "testRequest": 0, "accountNumber": "XXXX0015", "accountType": "MasterCard", "transHashSha2": "", "networkTransId": "LAHTAFS7B44MPV2SMDCBB85"},
        "success": true,
        "payee_full_name": "Bob Ross",
        "payee_company": "Whitemoon Dreams",
        "status": 20,
        "deleted": false
    }
},
{
    "model": "vendor.payment",
    "pk": 2,
    "fields": {
        "invoice": 1,
        "uuid": "ccda0d8a-0ddf-440b-8804-eddc28014931",
        "created": "2020-10-02T16:53:37.438Z",
        "transaction": "1-1-2",
        "provider": "AuthorizeNetProcessor",
        "amount": 408.43,
        "profile": 1,
        "billing_address": 1,
        "result": {"msg": "Payment Complete", "trans_id": 40053987215, "response_code": 1, "code": 1, "message": "This transaction has been approved.", "responseCode": 1, "authCode": "A3YXNW", "avsResultCode": "Y", "cvvResultCode": "P", "cavvResultCode": 2, "transId": 40053987215, "refTransID": "1234567890", "transHash": "", "testRequest": 0, "accountNumber": "XXXX0015", "accountType": "MasterCard", "transHashSha2": "", "networkTransId": "LAHTAFS7B44MPV2SMDCBB85"},
        "success": true,
        "payee_full_name": "Bob Ross",
        "payee_company": "Whitemoon Dreams",
        "status": 20,
        "deleted": false
    }
},
{
    "model": "vendor.price",
    "pk": 1,
    "fields": {
        "offer": 1,
        "cost": 0,
        "currency": "usd",
        "start_date": "2020-06-30T00:55:21Z",
        "end_date": null,
        "priority": 0
    }
},
{
    "model": "vendor.price",
    "pk": 2,
    "fields": {
        "offer": 2,
        "cost": 75.0,
        "currency": "jpy",
        "start_date": "2020-06-30T02:34:56Z",
        "end_date": null,
        "priority": 0
    }
},
{
    "model": "vendor.price",
    "pk": 3,
    "fields": {
        "offer": 3,
        "cost": 25.0,
        "currency": "usd",
        "start_date": "2020-06-30T02:38:30Z",
        "end_date": null,
        "priority": 0
    }
},
{
    "model": "vendor.price",
    "pk": 4,
    "fields": {
        "offer": 3,
        "cost": 25.1,
        "currency": "usd",
        "start_date": "2000-06-30T02:38:30Z",
        "end_date": "2120-06-30T02:38:30Z",
        "priority": 1
    }
},
{
    "model": "vendor.price",
    "pk": 5,
    "fields": {
        "offer": 3,
        "cost": 25.2,
        "currency": "usd",
        "start_date": "2000-06-30T02:38:30Z",
        "end_date": "2120-06-30T02:38:30Z",
        "priority": 2
    }
},
{
    "model": "vendor.price",
    "pk": 6,
    "fields": {
        "offer": 5,
        "cost": 0,
        "currency": "usd",
        "start_date": "2000-06-30T02:38:30Z",
        "end_date": "2120-06-30T02:38:30Z",
        "priority": 2
    }
},
{
    "model": "vendor.price",
    "pk": 7,
    "fields": {
        "offer": 6,
        "cost": 10,
        "currency": "usd",
        "start_date": "2000-06-30T02:38:30Z",
        "end_date": "2120-06-30T02:38:30Z",
        "priority": 2
    }
},
{
    "model": "vendor.price",
    "pk": 8,
    "fields": {
        "offer": 7,
        "cost": 10,
        "currency": "usd",
        "start_date": "2000-06-30T02:38:30Z",
        "end_date": "2120-06-30T02:38:30Z",
        "priority": 2
    }
},
{
    "model": "vendor.price",
    "pk": 9,
    "fields": {
        "offer": 8,
        "cost": 0,
        "currency": "usd",
        "start_date": "2000-06-30T02:38:30Z",
        "end_date": "2120-06-30T02:38:30Z",
        "priority": 2
    }
},
{
    "model": "vendor.receipt",
    "pk": 1,
    "fields": {
        "created": "2020-10-02T16:53:37.438Z",
        "updated": "2020-10-02T16:53:37.438Z",
        "profile": 1,
        "order_item": 2,
        "start_date": "2020-10-02T16:53:37.437Z",
        "end_date": "2020-11-02T16:53:37.437Z",
        "vendor_notes": {},
        "transaction": "7127667",
        "meta": {},
        "deleted": false
    }
},
{
    "model": "vendor.receipt",
    "pk": 2,
    "fields": {
        "created": "2020-06-30T01:20:01.616Z",
        "updated": "2020-10-02T16:53:37.438Z",
        "profile": 1,
        "order_item": 2,
        "start_date": "2020-10-02T16:53:37.437Z",
        "end_date": null,
        "vendor_notes": {},
        "transaction": "1-1-1",
        "meta": {},
        "deleted": false
    }
},
{
    "model": "vendor.receipt",
    "pk": 3,
    "fields": {
        "updated": "2020-10-02T16:53:37.438Z",
        "created": "2020-10-02T16:53:37.438Z",
        "profile": 1,
        "order_item": 4,
        "start_date": "2020-10-02T16:53:37.437Z",
        "end_date": "2020-11-02T16:53:37.437Z",
        "vendor_notes": {},
        "transaction": "7702256",
        "meta": {},
        "deleted": false
    }
},
{
    "model": "vendor.subscription",
    "pk": 1,
    "fields": {
        "uuid": "ccda0d8a-0ddf-440b-8804-eddc28014931",
        "updated": "2020-10-02T16:53:37.438Z",
        "created": "2020-10-02T16:53:37.438Z",
        "profile": 1,
        "gateway_id": "7127667"
    }
},
{
    "model": "vendor.receipt",
    "pk": 4,
    "fields": {
        "updated": "2020-10-02T16:53:37.438Z",
        "created": "2020-10-02T16:53:37.438Z",
        "profile": 1,
        "order_item": 4,
        "start_date": "2020-10-02T16:53:37.437Z",
        "end_date": "2020-11-02T16:53:37.437Z",
        "vendor_notes": {},
        "transaction": null,
        "meta": {},
        "deleted": false,
        "subscription": 1
    }
},
{
    "model": "vendor.payment",
    "pk": 3,
    "fields": {
        "invoice": 1,
        "uuid": "ccda0d8a-0ddf-440b-8804-eddc28114931",
        "created": "2020-10-02T16:53:37.438Z",
        "transaction": null,
        "provider": "AuthorizeNetProcessor",
        "amount": 408.43,
        "profile": 1,
        "billing_address": 1,
        "result": null,
        "success": false,
        "payee_full_name": "Bob Ross",
        "payee_company": "Whitemoon Dreams",
        "status": 1,
        "subscription": 1,
        "deleted": false
    }
}
]
